time,temperature,pressure,altitude
0.66,20.57,1009.65,-0.07
2.2,20.6,1009.63,-0.08
0.44,20.54,1009.64,-0.09
2.52,20.55,1009.65,-0.1
0.88,20.58,1009.66,-0.13
0.22,20.47,1009.65,-0.15
4.28,20.59,1009.69,-0.15
1.76,20.59,1009.68,-0.16
3.62,20.59,1009.69,-0.17
1.1,20.59,1009.67,-0.18
